{
  "version": "4.1.8.0",
  "configs": [
    {
      "server": "ss-3.googlehosts.org",
      "server_port": 2337,
      "password": "googlehosts",
      "method": "chacha20-ietf-poly1305",
      "plugin": "",
      "plugin_opts": "",
      "plugin_args": "",
      "remarks": "ss-3.googlehosts.org-plain",
      "timeout": 5
    }
  ],
  "strategy": null,
  "index": 0,
  "global": true,
  "enabled": false,
  "shareOverLan": false,
  "isDefault": false,
  "isIPv6Enabled": false,
  "localPort": 1080,
  "portableMode": true,
  "pacUrl": null,
  "useOnlinePac": false,
  "secureLocalPac": true,
  "availabilityStatistics": false,
  "autoCheckUpdate": true,
  "checkPreRelease": false,
  "isVerboseLogging": false,
  "logViewer": {
    "topMost": false,
    "wrapText": false,
    "toolbarShown": false,
    "Font": "Consolas, 8pt",
    "BackgroundColor": "Black",
    "TextColor": "White"
  },
  "proxy": {
    "useProxy": false,
    "proxyType": 0,
    "proxyServer": "",
    "proxyPort": 0,
    "proxyTimeout": 3,
    "useAuth": false,
    "authUser": "",
    "authPwd": ""
  },
  "hotkey": {
    "SwitchSystemProxy": "",
    "SwitchSystemProxyMode": "",
    "SwitchAllowLan": "",
    "ShowLogs": "",
    "ServerMoveUp": "",
    "ServerMoveDown": "",
    "RegHotkeysAtStartup": false
  }
}