{
	"cn-hk.zycsj.cc" : {
		"totalUploadBytes" : 11000320,
		"totalDownloadBytes" : 171332554
	},
	"47.107.179.149" : {
		"totalUploadBytes" : 196663145,
		"totalDownloadBytes" : 8381586618
	},
	"jp-4.zycsj.cc" : {
		"totalUploadBytes" : 16490,
		"totalDownloadBytes" : 13472
	},
	"jp-1.zycsj.cc" : {
		"totalUploadBytes" : 136559,
		"totalDownloadBytes" : 1978738
	},
	"ru-1.zycsj.cc" : {
		"totalUploadBytes" : 50348391,
		"totalDownloadBytes" : 259691534
	},
	"us-1.zycsj.cc" : {
		"totalUploadBytes" : 36362,
		"totalDownloadBytes" : 22650
	},
	"hk-1.zycsj.cc" : {
		"totalUploadBytes" : 2884269,
		"totalDownloadBytes" : 27946646
	},
	"hk-6.zycsj.cc" : {
		"totalUploadBytes" : 117814005,
		"totalDownloadBytes" : 734825
	},
	"cn-1.zycsj.cc" : {
		"totalUploadBytes" : 28933899,
		"totalDownloadBytes" : 1341552
	},
	"tw-1.zycsj.cc" : {
		"totalUploadBytes" : 1785119,
		"totalDownloadBytes" : 450623
	},
	"hk-8.zycsj.cc" : {
		"totalUploadBytes" : 507470113,
		"totalDownloadBytes" : 659754800
	}
}